{"nVersion":1,"logoPosition":{"pinnedPosition":"CenterCenter","nWidthPct":45.34227330779052,"nHeightPct":57.66666666666663}}