{"nVersion":1,"logoPosition":{"pinnedPosition":"CenterCenter","nWidthPct":31.956577266922096,"nHeightPct":91.02777777777777}}