{"nVersion":1,"logoPosition":{"pinnedPosition":"CenterCenter","nWidthPct":21.577741687622733,"nHeightPct":72.11111111111109}}