{"nVersion":1,"logoPosition":{"pinnedPosition":"CenterCenter","nWidthPct":28.574876373564308,"nHeightPct":73.7222222222222}}